,
Naziv,Sifra
"ABS BIJELI 22X0,8 BIJELA GLATKA",860
ADHESIVE 15/1 KG - LJEPILO ZA SPUŽVU,937
Amortizer 1200 N,49
Amortizer 280 N m,43
Amortizer 450 N S,76
Amortizer 750,54
Aparat za traku,1081
Aplikator za selotep htc 580,471
BIG JAPON MECHANISM,935
BIG ŠLIC TABLA 2005X260X100 2T,884
BIG TABLA 210X2150 2T,885
Biger kliješta 8 Kosm,632
BIT MIX PH2 PZ2 PH3 PZ2 PZ1 B,466
Bit PH2 25 mm smith B,465
Borer za metal 10 mm B,464
Borer za metal 8 mm  B,473
Brezon vijak M8x8,386
Bukova daska 25 mm L,11
Čelični ekser ST 25 za bazu,391
Čičak 20mm 25m Bijeli/Crni Tvrdi/Mehki P,64
Crijevo za zrak 5x8,1076
"Daska 24 mm L - 3 m, suha",958
"Daska 24mm - 3m, suha#",809
Daska Jelova,276
Drawer Slide 45 mm T=1.0x1.0x1.2mm P,243
Drvena nogica AMOUR 15 cm crna R,45
DRVENA NOGICA AMOUR 17 CM (170X60/40) - CRNA,40
Drvena nogica VAL 120X60/47,47
Drvena nogica VINKLO 150x150/35 crna,288
Drvena nogica VINKLO 150x150x55 crna,115
DRVENA POMOĆNA NOGICA 170X40X40 crna,48
Dugmad PVC 32 1/144,999
Dugmad za presvlačenje 36 1/500 P,326
DUGME SA EKSEROM ALUMINIJUM KAPSULE 32-H 17 GULER 500/1,1015
DUGME SA ZAKAČKOM ALUM/KAPSULE BO 32 AB6 500/1,1016
Dupli mehanizam za rukonaslon,525
"Dvostrana iverica 210x280x0,8 mm",494
Džepičasto jezgro 056x190x12 (67.120.4.180.00.0.0000) 09x30,500
Džepičasto jezgro 066x190x12 (67.120.4.180.00.0.0000) 11x30,501
Džepičasto jezgro 106x188x14 NY,329
Džepičasto jezgro 144x184x15 (65.150.4.180.00.0.0000) 24x29,502
Džepičasto jezgro 144x184x18 (65.180.4.180.00.0.0000) 24x29,503
Džepičasto jezgro 164x184x15(65.150.4.180.00.0.0000) 27x29,504
Džepičasto jezgro 164x184x18 (65.180.4.180.00.0.0000) 27x29,505
Džepičasto jezgro 184x144x14 (28x24) X2 RET,828
Džepičasto jezgro 184x144x18 (28X24) RETX2,797
"Džepičasto jezgro 184x164x14 (28x27) 1,8mm",827
Džepičasto jezgro 184x164x18 (28x27) RETX2,952
"Džepičasto jezgro 188x108x14 (28x17) 1,8 mm A",478
"Džepičasto jezgro 188x128x14 (28x20) 1,8 mm A",479
"Džepičasto jezgro 188x148x14 (28x24) 1,8 mm A",101
"Džepičasto jezgro 188x148x18 (28X24) 1,88 mm A",4
"Džepičasto jezgro 188x168x14 (28x27) 1,88 mm A",99
"Džepičasto jezgro 188x168x18 (28x27) 1,88 mm A",356
"Džepičasto jezgro 188x56x12 (28x9) 1,8 mm A",100
Džepičasto jezgro 188x66x12 (29x11) x2 RTX,1212
"Džepičasto jezgro 188x68x12 (28x11) 1,88 mm A",98
Eksauting presa,402
ELASTIC BAND 5 CM 100/1,934
Elektrostatična farba u prahu,522
Farba - EP 9005 Pješčana struktura,789
Filc 900 gr,498
Filc tvrdi 500 gr/m 210x2500,14
"Folija (3800x0,08) RE NP",85
"Folija transparent polucrijevo 3000x0,08 mm/rec",795
HDF BIJELI 2800X2070X3 MM,893
HDF SIROVI 2800X2070X3 MM,894
Iver bijeli 5x50 L-L,799
"Iver vijak 5,0x30 cink T",328
"Iver vijak 5,0x40 cink T",213
Iver vijak 5x5 500/1,840
"Iver vijak JD 79/67,  5,0x60 cink",234
IVERICA 16MM 2800-2070 I KLASA,810
IVERICA 2800X2070X16 MM IT,897
IVERICA BIJELA 110 SM 2800X2070X16 MM,858
"Jednostrana iverica 210x280x0,8 mm",493
Kantovanje,193
KARTON BIG ŠLIC TABLA 2800X260X100 E2T,928
KARTON BIG TRAKA 180X2300 T2Š,929
"Karton ploča 14/kg 1,5 mm 20 kom",898
Karton za bazu 48x72,528
Karton za bazu 90x200,527
Karton za uzglavlje 30x300,529
Keder za tapaciranje,1273
KLAMERICA 14/35 (10.000) - PAK,702
KLAMERICA 14/35 PAK 10000/1,34
Klamerica 14/50 (10 mila),249
Klamerica 380/10 delta 10.000/1 M,32
Klamerica 80/10,1134
Klamerica Staples 380/10 (10.000) - PAK,703
Klamerica staples 380/14 (10.000) - PAK,701
Klamerica staples 380/14 B,33
Klamerice 8006/8010 CF,961
Klamerice 90/35,472
Klizač 7 N/L 1/100 p,189
Klizač teleskopski 45x40 M768-3,604
Klizač za uzglavlje 19cm,390
Konac - obućarski (13021),592
Konac - svileni,761
Konac 36,17
Konac 40/2 5000 YDS Boja,705
Konac 80 (5000yds) bijeli,15
Konac obućarski,886
Konac pamučni 40/3 5000 YDS,274
Konac svileni 30 P,16
"Konac svileni 30,40 P",216
Konac voštani 0371-0929 250 D/16,800
Konac za štepanje 20.000 mt,418
Konac za štepanje 40 DURATEX (3000m),1088
Konac za štepanje 60 DURATEX (5000m),1089
Konac za štepanje 70 DURATEX (17000m),1090
Konac za štepanje 80 (20.000 mt),419
Konac za štepanje 90 DURATEX (15000m),1087
Kreda - Krojačka 1/10,760
Kutija za pakovanje 380x280x140 N,179
LATO LEŽAJ FORMA 120X200 C,342
Lato Ležaj forma 180x200 C,880
"Lepenka kartonska 1,2 mm 72,0x103,0 cm T",89
Leptir matica M8 cinkovana DIN 315 T,284
Leptir matica M8 PVC,387
Leptir navrtka din315 M6 100/1,594
Leptir navrtka din315 M8 100/1,595
Lesonit bijeli 2800x2070x3 mm B1,198
Lesonit bijeli 3 mm B,37
"Lesonit sirovi 2,8x2,07 B",41
Lesonit Sirovi 2800x2070x3 mm B1,197
"LETVA 5X2,4",626
Ljepilo intercoll 1718 1/170 S,56
Ljepilo za drvo Vinavil 2252 30/1 K,84
Ljepilo za drvo Vinavil 2252 50/1 K,86
Ljepilo za spužvu,398
Ljepljiva traka 48x66 Prozirna/Solvent L (KOM),30
"M. Vijak din 933 kv 5,8 8x25",1158
M. Vijak din 965 6x20,756
"M. Vijak din933 kv5,8 8x30",600
"M. Vijak din933 kv5,8 8x40",599
M. Vijak din965 5x30,601
M. Vijak din965 5x40 100/1,597
M. Vijak din965 6x25,598
Madrac platno  50021973 (280 gr) AT,424
Madrac platno 10001632 75 gr,1204
Madrac platno 10008386 (65 gr) +AT10001632 75 gr,427
Madrac platno 10008388 (65 gr) AT,428
Madrac platno 10010707 235 gr,1205
Madrac platno 200 gr 50022325,521
Madrac platno 280 gr 50022324,520
Madrac platno 321.08396.001.01 (280 gr) AT,184
Madrac platno 50015679 (180 gr) AT,426
Madrac platno 50016161 (190 gr) AT,423
Madrac platno 50018448 280gr,866
Madrac platno 50021013 (180 gr) AT,425
Madrac platno 50021965 (280 gr) AT,422
Madrac platno 50021974 (220 gr) AT,421
Madrac platno 50021976 (240 gr) AT,420
Madrac platno 50022741 280gr,865
Madrac platno RUŽA,72
Magnetni držač bita 150mm,470
Makaze (10),706
Makaze 8,605
"Makaze 9,3/4 0330-0010",762
Makaze za bazu,384
Mašina/testera za rezanje profila,380
"Mašinac 8x25-M. Vijak din 933 kv 5,8",389
Masni konac,1274
Matica M6,396
Matica obična M8 T,801
MEDIJAPAN 2800X2070X3 AK,841
Mehanizam - Škara Sanduk srednji EXSAN (Makaze za krevete) S,66
Mehanizam za garnituru,524
Mehanizam za leđa garniture L24,526
Mehanizam za leđa garniture L28,523
Mehanizam za leđa L22,383
Mehanizam za leđa L26,414
Mehanizam-makaze za bazu DELUX,1082
Metalna nogica STS-D012 BLACK 150MM STICK B,773
Metalna ručka za bazu,531
"Metalni element 9,5 cm za nogice",1091
"Metalni profil 20x20x0,8 mm",415
Metalni profili 20x30x1 mm,416
Metalni profili 30x20x1 - hladna traka (6000),814
Metalni ram + iverica 100 x 200,1
Metalni ram + iverica 120x200,462
Metalni ram + iverica 80 x 200,2
Metalni ram + iverica 90 x 200,3
Metalni tiket sa ekserom za bazu fi 40 mm,448
Metar 3m M2407-1,629
Metar 5m M2407-2,630
Motor OK76458+DW9934+OK53996,496
Motor OK81295+DW9334HD24+OK53996+OK3.00.402.026.30,495
Najlon za pakovanje 155x8+8x170 100 mic,1207
Najlon za pakovanje 155x8+8x190 100 mic,1208
Najlon za pakovanje baze 80x16+16x245 100 mic,873
Najlon za pakovanje baze 90x16+16x245 100 mic,874
Najlon za pakovanje madraca 160x15+15x240 100mic,867
Najlon za pakovanje madraca 160x17+17x245 100mic,868
Najlon za pakovanje madraca 160x19+19x250 100mic,869
Najlon za pakovanje madraca 180x15+15x240 100mic,870
Najlon za pakovanje madraca 180x17+17x245 100mic,871
Najlon za pakovanje madraca 180x19+19x250 100 mic,872
Najlon za pakovanje uzglavlja 170x8+8x150 100 mic,875
Najlon za pakovanje uzglavlja 190x8+8x150 100 mic,876
Nastavak za crijevo za zrak,1077
"Navojna šipka kv 8,8 M-16",758
Navrtka din 934 m16 100/1,759
NOGICA 6036 BIJELA 12CM,1063
NOGICA 6036 BIJELA 12CM,1064
Nogica 6052 black B 17cm,286
Nogica 8030 BLACK 13 cm B,51
Nogica fi 50/h 35 bez tipla-crna E (4801),91
Nogica KALE 12cm Mat Crna M,71
NOGICA SLMW-001 12CM GRAY,936
Nogica STS-7080 Black 200 mm Straight,545
"Nogica trouglasta DGL 15*polyamid, crna",1014
Nosač bita magnetni 60 mm smith,469
Nosač iverice baze,539
Nož 6m 1801 mmd B,467
Nož 7 m 1802 mmd B,468
Nož za spužvu,1080
Nožica fi 55/h 55-bez tipla crna E (4924),92
Nožići za skalper 10/1 u setu M1867,628
Oplemenjena iverica bijela 16 mm B,42
Opler iverica 18mm bijela glatka K114 SM,849
Paspul Traka - Opšivna traka 40mm Bijela,12
Paspul Traka - Opšivna traka 40mm Crna,13
Paspul Traka - Opšivna traka 42 mm Bijela,707
Paspul traka - Opšivna traka 45mm Bijela,787
Paspul traka - Opšivna traka 45mm Crna,788
Paspul traka 42 mm Bijela T,290
Paspul traka 42 mm Crna T,289
Paspul traka antracit bijela 45 mm,450
Paspul traka antracit crna 45 mm,454
Paspul traka bež/bijela 45 mm,452
Paspul traka bež/crna 45 mm,449
Paspul traka bijela 42 mm,455
Paspul traka bijela 45 mm,453
Paspul traka crna 42 mm,456
Paspul traka crna 45mm,1086
Paspul traka siva/bijela 45 mm,451
Piling 220x40x2,793
Piling 220x60x1,792
Piling 220x80x1,826
Piling spužva 14kg 210x1,816
"Piling spužva 15kg 150x0,8",993
Piling spužva 18kg 210x1,994
Pištolj za čelični ekser za bazu,392
Pištolj za pumpu za bacanje ljepila,1085
Pištolj za tapaciranje 80/16 AKD,1075
Pištolj za zrak dugi,1078
Pištolj za zrak kratki,1079
Plastična nogica crna 13/18,1228
Plastične nogice 4 cm,497
Platno - Vellsoft antrasit,812
Platno - Vellsoft natural,811
Platno za madrace J1 200 gr JT,430
Platno za madrace J49 280 gr. JT,57
Platno za madrace J540 280 gr JT,237
PLOČA OD IVERICE 2800X2050X16 MM,927
Podloška 1/4 6M 1mm,394
"Podloška DIN 9021, M8",90
Podloška M6 T,246
Posuda za špric ljepilo,401
PU Format 50 V O,94
PU Oblikovani 20 T piling - 150 O,96
PU Oblikovani 20 T piling - 210 O,95
PU Oblikovani 20 T Piling O,97
PU Oblikovani 20T piling - 140 O,813
PU Ploča 30T O,251
Pumpa za bacanje ljepila,1084
PVC BOHAM NOGICA 12CM CRNA,818
PVC BOHAM NOGICA 15CM CRNA,819
PVC čep za ventilaciju baze,544
PVC držač za ivericu,822
PVC element 25x19 za ćoškove baze,824
PVC nogica 12 cm STAR bijela,542
PVC nogica 12 cm STAR crna,541
PVC nogica 12 cm STAR krom,543
PVC nogica sa navojem 12 cm bijela KRUŠKA,533
PVC nogica sa navojem 12 cm crna KRUŠKA,532
PVC nogica sa navojem smeđa KRUŠKA,538
PVC Nogica VINKLO 14x14x4 cm,399
PVC pomoćna nogica 4 cm,400
PVC prsten za kapak 3cm,821
PVC ručka za bazu bijela,536
PVC ručka za bazu crna,537
PVC ručka za kapak za bazu,823
PVC skrivena nogica 6 cm,534
PVC skriveni osigurač za baze,540
PVC stoper (okrugli) za bazu,535
PVC zaštitnik (osigurač crveni),820
PVC zaštitnik za bazu,825
Rajfešlus 7 metražni 1/100 P,178
Reslo bukove daske,565
"Reteks 120 gr, 200 cm Art, Stichpond, crni T",65
"Reteks 14 gr, 160 cm bijeli  t",279
"Reteks 14 gr, 210 cm bijeli T",88
"Reteks 14 gr,230 cm bijeli T",53
"Reteks 40 gr, 160 cm bijeli",933
"Reteks 70 gr, 205 cm, crni",953
"Reteks 70 gr/m 1,6 m širina - Crni B1",67
"Reteks 70/60gr, 160 cm crni",794
Rezanje iverice po ploči,196
Rezanje lesonita po ploči,195
Rezervni nož 5,931
Ručke za madrace 11/14 5x30,437
Ručke za madrace 19/20 5x30,436
Ručkica ukopavajuća kocka B,192
Rukavice za varioce,1083
"Samor. Vijak 7504p 3,9x32",932
Šarafciger T,631
Selotejp 48mm x 66m (000588),617
Selotejp 48mmx66m - Super clear I,569
Šeskant 8x40,50
Široka podloška din9021 M6,596
Široka podloška din9021 M8,1211
Sirova iverica  16 mm B,38
Sirova iverica 10 mm B1,194
"Sirova iverica 16 mm B1 (280x207x0,16)",200
Sirova iverica 18 mm,1206
Sirova iverica 210x280x18,817
Skalper BMX - 672,627
Skrivena PVC nogica 12cm - crna,340
Skrivena štelujuća nogica 13 cm - Crna,220
Skrivena štelujuća nogica 15cm - Crna,864
"Skrivena štelujuća nogica 16,80 cm- Crna",242
Spužva 18kg 210x1 cm,417
"Spužva 210x0,8cm 14 kg rolna",530
Spužva HR 3536 SP,281
Spužva Mljevena,180
Spužva NF 1830 SP,883
Spužva NF 2120 SP,484
Spužva PU Format 20T O,35
Spužva PU Format 25T O,36
Spužva PU Format 30T O,44
Spužva PU Format 35 HR O,93
Spužva VA 4015 SP memory,303
Spužva VA 5015 SP,280
Spužva VH 2130 SP,302
Spužva VH 2130 SP (327),652
Spužva VH 2130 SP (500),651
Spužva VH 2538 SP,232
Spužva VH 3040 SP,486
Spužva VH 3050 SP,300
Spužva VH 3236 SP,485
Štancana kutija - Kartonski poklopac samosklopivi manji/veći,1187
Štep deka Amsterdam 102,74
Štep deka Amsterdam 105,104
Štep deka Amsterdam 110,1429
Štep deka Aragon,510
Štep deka Aurum 126,77
Štep deka Bari,363
Štep deka Jupiter,463
Štep deka Loris,304
Štep deka Luna,461
Štep deka madrac platno,70
Štep deka Mat Velvet,245
Štep deka Monolith,238
Štep deka Monolith 04,103
Štep deka Monolith 84,73
Štep deka Orion,306
Štep deka Perfect Harmony,457
Štep deka Point,186
Štep deka Preston,187
Štep deka Riviera,182
Štep deka Riviera 21,106
Štep deka Riviera 24,107
Štep deka Riviera 82,108
Štep deka Riviera 91,105
Štep deka Tender 37,109
Štep deka Wind,458
Štep deka Zenit,1151
Stick nogice (356) J,250
Štof Adventure 23,1143
Štof Alhambra 101 S,206
Štof Alhambra 118 S,324
Štof Almeria 103 (Bari 102) SE,248
Štof Almeria 105,1386
Štof Almeria 108 (Bari 109) SE,283
Štof Amsterdam 103,209
Štof Amsterdam 105,120
Štof Amsterdam 107,1425
Štof Amsterdam 110,215
Štof Atakama 103 (Bari 102),582
Štof Aurum 107,879
Štof Aurum 118,882
Štof Aurum 121,512
Štof Aurum 126,63
Štof Aurum 127,1376
Štof Bari 101,878
Štof Bari 104,1238
Štof Bari 106,612
Štof Bari 110,330
Štof Barrel 04,938
Štof Barrel 09,960
Štof Barrel 38,1260
Štof Barrel 83,791
Štof Barrel 97,255
Štof Camel 002,699
Štof Camel 101,700
Štof Camel 102,121
Štof Camel 103,615
Štof Camel 105,912
Štof Camel 111,914
Štof Camel 118,616
Štof Camel 135,698
Štof Camel 200,236
Štof CAMEL 201,1317
Štof Castel 04,346
Štof Castel 15,344
Štof Castel 20,1295
Štof Castel 74,377
Štof Castel 93,575
Štof Cloud 03,747
Štof Cloud 33,1067
Štof Cloud 39,978
Štof Cloud 60,748
Štof Cloud 63,574
Štof Cloud 70,1379
Štof Cloud 81,572
Štof Cloud 83,854
Štof Cloud 84,1230
Štof Cloud 87,790
Štof Cloud 91,1065
Štof Cosmic 126,1319
Štof Cremona 02,345
Štof Cremona 14,622
Štof Cremona 81,1296
Štof ELEGANT WISH 02,1297
Štof Europa 103 S,79
Štof Ferrum 102 AL,459
Štof Ferrum 107 UNIJETI KALKULACIJU,1324
Štof Gusto 09,1338
Štof Helena 103,275
Štof Helena 118,277
Štof Helena 135,82
Štof Helena 136,433
Štof Helena 34,191
Štof Helena 79,611
Štof Jasmine 24,625
Štof Jupiter 106,697
Štof Jupiter 108,877
Štof Landscape 21,846
Štof Landscape 95,1149
Štof Letto 03,939
Štof Letto 11,509
Štof Letto 38,979
Štof Letto 75,1017
Štof Letto 80,940
Štof Letto 88,751
Štof Letto 92,941
Štof Letto 93,942
Štof Letto 97,943
Štof Letto 99,944
Štof Lincoln 01,26
Štof Lincoln 03,23
Štof Loris 01,580
Štof Loris 05,305
Štof Loris 08,256
Štof Loris 09,354
Štof Loris 14,355
Štof Loris 16,9
Štof Loris 20,7
Štof Loris 39,490
Štof Loris 77,842
Štof Loris 79,351
Štof Loris 90,117
Štof Lotus 16,432
Štof Luis 16,378
Štof Luis 85,1239
Štof Lukka 56 UNIJETI KALKULACIJU,1431
Štof Lumi 04,1390
Štof Mal. 1336 S - Zen 501,881
Štof Mal. 7012 S - Montana 103,863
Štof MALMO NEW 05,365
Štof MALMO NEW 90,620
Štof MALMO NEW 94,480
Štof MALMO NEW 96,368
Štof Matt velvet  97 UNIJETI KALKULACIJU,1434
Štof Matt Velvet 06,218
Štof Matt Velvet 08,217
Štof Matt Velvet 09,6
Štof Matt Velvet 29,855
Štof Matt Velvet 34,750
Štof Matt Velvet 38,749
Štof Matt Velvet 61,252
Štof Matt Velvet 63,753
Štof Matt Velvet 72,374
Štof Matt Velvet 73,483
Štof Matt Velvet 74,24
Štof Matt Velvet 77,10
Štof Matt Velvet 79,27
Štof Matt Velvet 83,350
Štof Matt Velvet 85,343
Štof Matt Velvet 93,349
Štof Matt Velvet 97,211
Štof Matt Velvet 99,573
Štof Milano 038 AL,511
Štof Mirage 102 S,1150
Štof MISTERIO 03,980
Štof MISTERIO 04,519
Štof MISTERIO 14,981
Štof MISTERIO 72,982
Štof MISTERIO 78,1380
Štof MISTERIO 80,983
Štof MISTERIO 82,984
Štof MISTERIO 90,1068
Štof Moca 10,862
Štof Moly 03,945
Štof Moly 37,946
Štof Monolith 02,20
Štof Monolith 04,119
Štof Monolith 09,202
Štof Monolith 15,1311
Štof Monolith 20,559
Štof MONOLITH 29,1304
Štof Monolith 37,230
Štof Monolith 38,221
Štof Monolith 48,913
Štof Monolith 59,755
Štof Monolith 62,1013
Štof Monolith 69,1265
Štof Monolith 70,514
Štof Monolith 76,181
Štof Monolith 77,201
Štof Monolith 84,75
Štof Monolith 85,19
Štof Monolith 92,18
Štof Monolith 95,899
Štof Monolith 97,507
Štof Montana 107 (Terra 107),1200
Štof Montana 108 (Terra 108),435
Štof Monte 01,1261
Štof Monte 03,947
Štof Monte 21,1399
Štof MONTE 84,1326
Štof Mossa 89,1066
Štof Nabuk 101,460
Štof Nabuk 103,896
Štof Nabuk 105,431
Štof Nabuk 108,614
Štof Neve 03,1406
Štof Neve 16 UNIJETI KALKULACIJU,1430
Štof Neve 80,856
Štof Neve 85,1144
Štof Neve 97,366
Štof NOW OR NEVER 02,1069
Štof NOW OR NEVER 61,1156
Štof NOW OR NEWER rPES 02,1343
Štof Oblikovani 20 T piling - 210 O,114
Štof ORINOCO 21,516
Štof Orion 101,608
Štof Orion 102 (Mal. 1249),241
Štof Orion 102 S,360
Štof OVERTHEHORIZON 08,948
Štof OVERTHEHORIZONT 85,1320
Štof PERFECT HARMONY 01,367
Štof PERFECT HARMONY 02,348
Štof PERFECT HARMONY 04,488
Štof PERFECT HARMONY 07,752
Štof Perfect Harmony 82,1327
Štof Point 04,379
Štof Point 13,235
Štof Point 25,621
Štof Point 34,240
Štof Point 39,515
Štof Point 48,373
Štof Point 70,1255
Štof Point 79,560
Štof Point 86,508
Štof Point 90,623
Štof Preston 100,212
Štof Preston 20,223
Štof Preston 21,188
Štof Preston 22,369
Štof Preston 23,287
Štof Preston 24,364
Štof Preston 29,190
Štof Preston 32,8
Štof Preston 94,613
Štof Preston 96,222
Štof Primo 48,1363
Štof Primo 96,517
Štof Puente 06,1145
Štof Puente 80,843
Štof QUELLE 01,1263
Štof QUELLE 02,1202
Štof QUELLE 03,1070
Štof QUELLE 16 UNIJETI KALKULACIJU,1432
Štof RETROBLISS 03,754
Štof Rino 93,518
Štof Riviera  34,224
Štof Riviera 16,362
Štof Riviera 21,21
Štof Riviera 24,110
Štof Riviera 26,185
Štof Riviera 38,376
Štof Riviera 56,1322
Štof Riviera 59,985
Štof Riviera 60,986
Štof Riviera 62,352
Štof Riviera 63,895
Štof Riviera 69,696
Štof Riviera 74,210
Štof Riviera 76,624
Štof Riviera 79,113
Štof Riviera 80,244
Štof Riviera 82,112
Štof Riviera 85,327
Štof Riviera 87,183
Štof Riviera 91 (Helena 121),111
Štof Riviera 95,347
Štof Riviera 96,282
Štof Riviera 97,5
Štof Royal 27 (Helena 108),68
Štof Runagain 06,847
Štof Runo 03,844
Štof Runo 26,1231
Štof Runo 97,1074
Štof Sand 03,1436
Štof Sand 21,1339
Štof SCALA 82,1071
Štof SCALA 92,1072
Štof SEAL 03,370
Štof SEAL 18,1298
Štof SEAL 38,987
Štof Sometimes 85,1362
Štof Soro 100,889
Štof Soro 21,22
Štof Soro 86,891
Štof Soro 90,371
Štof Soro 91,930
Štof Soro 95,890
Štof Soro 96,28
Štof Soro 97,29
Štof Storm 02,482
Štof Storm 06,1266
Štof Storm 09,1264
Štof Storm 48,1267
Štof Storm 85,1396
Štof TENDERWAY 01,848
Štof TENDERWAY 04,1382
Štof TENDERWAY 37,116
Štof TENDERWAY 80,949
Štof TENDERWAY 90,1059
Štof Terra 06,1073
Štof Terra 13,253
Štof Terra 28,487
Štof Terra 33,1147
Štof Terra 48,1148
Štof Terra 86,1345
Štof Terra 96,1251
Štof Terra M 103,1055
Štof Texas 92,239
Štof Texas 93,1378
Štof Tilia 01,25
Štof Titan 101 (Amsterdam 102) SE,78
Štof Today 03,219
Štof Today 13,254
Štof Today 15,619
Štof Today 18,618
Štof Today 80,353
Štof Today 85,988
Štof Today 93,845
Štof ULTRA SOFT Bijeli pelus,325
Štof VEGA 02,1416
Štof VEGA 11DB,1344
Štof Vibe 03,1146
Štof Vibe 06,950
Štof Vibe 34,951
Štof Vibe 39,1232
Štof Wind 05,361
Štof Wind 11,704
Štof Wind 31,610
Štof Wind 76,609
Štof Wind 80,489
Štof Wind 82,1247
Štof Wind 89,576
Štof za sve,1256
Štof Zenit 103- mal 2123,81
Štof Zenit 108 S- mal 2128,69
Štof Zenit 215 S - mal. 2132,80
Štof-Mal. 4015 S-Etna 020,214
Stolna matica M8,388
Streč folija 23my 5kg,31
"Tablet džepičasto jezgro 146x188x3,8 NY",118
"Tablet džepičasto jezgro 166x188x3,8 NY",205
Termo vata (filc) 100 gr (210) A,513
Termo vata (filc) 100 gr A,58
Termo vata (filc) 100gr (150) A,477
Termo vata (filc) 500 gr (210 cm) A,589
Termo vata 130x150 (100 gr),499
Termo vata 200g/210 cm AK,55
Termo vata 300 gr/3x75cm,857
Termo vata 300g/210 cm AK,102
Termo vata 300g/2x75cm AK,570
Termo vata 300gr/180cm,796
TERMO VATA B,992
Testera,381
"Tiket bočno N014 za madrace 7,5x9,5",439
"Tiket bočno N020 za madrace 7,5x9,5",438
"Tiket za bazu 9,5x22 cm",447
Tiket za ćoškove madraca sivi 10x48,442
Tiket za ćoškove madraca smeđi 10x48,443
Tiket za madrace 12x16,446
Tiket za prednju stranu madraca NO 11/14 9x12,441
Tiket za prednju stranu madraca NO 19/20 9x12,440
Tiket za uzglavlje sivi 5x10,444
Tiket za uzglavlje smeđi 5x10,445
Točkić fi 200 puni M 2016,757
Torban 6x40,395
Torban vijak M6x100 cink T,226
Torban vijci 6x100 100/1,593
"TRAKA BIJELA 22X0,8",1092
TRAKA BIJELA 22X1,1201
Trougaona nožica h15 - crna E (4511),372
Ulje za mašine,1203
Ulje za podmazivanje testere,382
Unit matica M6 500/1,839
Unit Matica M6x9 T,83
Unit Matica M8x11 T,39
Usluga izrade alata,1306
USLUGA KANTIRANJA,861
USLUGA REZANJA,859
Valoviti karton BIGOVANA TRAKA 250X3000,1131
Valoviti karton Kartonska traka bigovana,1132
Valoviti karton_Bigovana trakica petoslojna N,301
Valoviti karton_Bigovana trakica troslojna N,46
"Vijak DIN 933-8,8, M8x80 cink T",285
"Vijak DIN 933-8.8, M8x40 - cink T",231
"Vijak konusni DIN 965-4,8, M6x30, cink T",52
"Vijak konusni DIN 965-4,8, M6x40, cink T",434
"Vijak mašinski M6x20, cink T",225
"Vijak samorezač 3,9x22",393
"Vijak za ivericu 4,5x30",1159
Vijak za ivericu 4x40 100/1,1160
Vijak za ivericu 5x30 100/1,603
Vijak za ivericu 5x35 100/1,798
Vijak za ivericu 5x40 100/1,606
Vijak za ivericu 5x45 100/1,998
Vijak za ivericu 5x50 100/1,607
Vijak za ivericu 5x60 100/1,602
Žič. Jezgro 188x126x11 A,774
Žič. Jezgro 188x66x11 A,204
Žič. Jezgro 188x76x11 A,203
"Žica za varenje za CO2 0,8 mm",397
Žičano jezgro 106x188x12 NY,59
Žičano jezgro 106x188x14 NY,60
Žičano jezgro 126x188x12 NY,61
Žičano jezgro 126x188x14 NY,62
Žičano jezgro 146x186 (84.150.5.220.00.0.0000) 14x24,850
Žičano jezgro 146x186x18 13x23,995
Žičano jezgro 166x186 (84.150.5.220.00.0.0000) 16x24,851
Žičano jezgro 166x186x18 15x23,996
Žičano jezgro 166x188x14 NY,208
Žičano jezgro 188x126x14 (23x12) A,358
Žičano jezgro 188x128x11 A,357
Žičano jezgro 188x146x14 (23x14) A,207
Žičano jezgro 188x68x11 A,563
Žičano jezgro 188x78x11 A,359
zzz Amortizer 750,385
"zzz Daska 24 mm L - 3 m, suha - prizma",959
"zzz METALNI PROFILI 20X20X0,8",887
zzz METALNI PROFILI 20X30X1,888
zzz Oplemenjena iverica bijela 16 mm B1 (280x207 cm),199